{
  "table_of_contents": [
    {
      "title": "\u3010\u80cc\u666f\u30fb\u76ee\u7684\u3011",
      "heading_level": null,
      "page_id": 0,
      "polygon": [
        [
          12.75,
          134.8681640625
        ],
        [
          102.0,
          134.8681640625
        ],
        [
          102.0,
          150.4248046875
        ],
        [
          12.75,
          150.4248046875
        ]
      ]
    },
    {
      "title": "\u3010\u7814\u7a76\u65b9\u6cd5(\u624b\u6cd5\u30fb\u65b9\u6cd5)\u3011",
      "heading_level": null,
      "page_id": 0,
      "polygon": [
        [
          11.33056640625,
          211.728515625
        ],
        [
          191.47705078125,
          211.728515625
        ],
        [
          191.47705078125,
          227.28515625
        ],
        [
          11.33056640625,
          227.28515625
        ]
      ]
    },
    {
      "title": "\u3010\u671f\u5f85\u3055\u308c\u308b\u7814\u7a76\u6210\u679c\u3011",
      "heading_level": null,
      "page_id": 0,
      "polygon": [
        [
          10.997314453125,
          416.07421875
        ],
        [
          159.75,
          416.07421875
        ],
        [
          159.75,
          432.421875
        ],
        [
          10.997314453125,
          432.421875
        ]
      ]
    }
  ],
  "page_stats": [
    {
      "page_id": 0,
      "text_extraction_method": "surya",
      "block_counts": [
        [
          "Line",
          41
        ],
        [
          "Span",
          41
        ],
        [
          "Text",
          5
        ],
        [
          "SectionHeader",
          3
        ],
        [
          "Picture",
          1
        ],
        [
          "Figure",
          1
        ]
      ],
      "block_metadata": {
        "llm_request_count": 0,
        "llm_error_count": 0,
        "llm_tokens_used": 0
      }
    }
  ],
  "debug_data_path": "debug_data/20240426_MUR1"
}