{
  "table_of_contents": [
    {
      "title": "\u3010\u80cc\u666f\u30fb\u76ee\u7684\u3011",
      "heading_level": null,
      "page_id": 0,
      "polygon": [
        [
          14.234619140625,
          124.0576171875
        ],
        [
          103.4033203125,
          123.0029296875
        ],
        [
          103.4033203125,
          138.427734375
        ],
        [
          14.234619140625,
          139.482421875
        ]
      ]
    }
  ],
  "page_stats": [
    {
      "page_id": 0,
      "text_extraction_method": "surya",
      "block_counts": [
        [
          "Line",
          43
        ],
        [
          "Span",
          43
        ],
        [
          "Text",
          11
        ],
        [
          "ListItem",
          3
        ],
        [
          "Picture",
          1
        ],
        [
          "SectionHeader",
          1
        ],
        [
          "Figure",
          1
        ],
        [
          "ListGroup",
          1
        ]
      ],
      "block_metadata": {
        "llm_request_count": 0,
        "llm_error_count": 0,
        "llm_tokens_used": 0
      }
    }
  ],
  "debug_data_path": "debug_data/240401_Energy_07"
}