{
  "table_of_contents": [
    {
      "title": "\u3010\u80cc\u666f\u30fb\u76ee\u7684\u3011",
      "heading_level": null,
      "page_id": 0,
      "polygon": [
        [
          3.75,
          135.52734375
        ],
        [
          84.75,
          135.52734375
        ],
        [
          84.75,
          153.193359375
        ],
        [
          3.75,
          153.193359375
        ]
      ]
    },
    {
      "title": "\u3010\u7814\u7a76\u65b9\u6cd5(\u624b\u6cd5\u30fb\u65b9\u6cd5)\u3011",
      "heading_level": null,
      "page_id": 0,
      "polygon": [
        [
          4.5,
          211.46484375
        ],
        [
          173.1005859375,
          211.46484375
        ],
        [
          173.1005859375,
          228.33984375
        ],
        [
          4.5,
          228.33984375
        ]
      ]
    },
    {
      "title": "\u3010\u671f\u5f85\u3055\u308c\u308b\u7814\u7a76\u6210\u679c\u3011",
      "heading_level": null,
      "page_id": 0,
      "polygon": [
        [
          3.75,
          413.4375
        ],
        [
          140.25,
          413.4375
        ],
        [
          140.25,
          431.3671875
        ],
        [
          3.75,
          431.3671875
        ]
      ]
    }
  ],
  "page_stats": [
    {
      "page_id": 0,
      "text_extraction_method": "surya",
      "block_counts": [
        [
          "Line",
          41
        ],
        [
          "Span",
          41
        ],
        [
          "Text",
          3
        ],
        [
          "SectionHeader",
          3
        ],
        [
          "ListItem",
          2
        ],
        [
          "Table",
          1
        ],
        [
          "Figure",
          1
        ],
        [
          "ListGroup",
          1
        ]
      ],
      "block_metadata": {
        "llm_request_count": 0,
        "llm_error_count": 0,
        "llm_tokens_used": 0
      }
    }
  ],
  "debug_data_path": "debug_data/20240322_AFF_02"
}