{
  "table_of_contents": [
    {
      "title": "\u672a\u6765\n\u3046\n\u7a7a\u98db\u3073\u4ea4\n\u9593\u8fd1",
      "heading_level": null,
      "page_id": 0,
      "polygon": [
        [
          59.49560546875,
          258.56209150326794
        ],
        [
          516.9716859716859,
          258.56209150326794
        ],
        [
          516.9716859716859,
          311.58203125
        ],
        [
          59.49560546875,
          311.58203125
        ]
      ]
    }
  ],
  "page_stats": [
    {
      "page_id": 0,
      "text_extraction_method": "surya",
      "block_counts": [
        [
          "Line",
          55
        ],
        [
          "Span",
          55
        ],
        [
          "Text",
          3
        ],
        [
          "TableOfContents",
          1
        ],
        [
          "SectionHeader",
          1
        ],
        [
          "Picture",
          1
        ]
      ],
      "block_metadata": {
        "llm_request_count": 0,
        "llm_error_count": 0,
        "llm_tokens_used": 0
      }
    }
  ],
  "debug_data_path": "debug_data/Children_Science_f-rei_20240426"
}