{
  "table_of_contents": [
    {
      "title": "\u3010\u80cc\u666f\u30fb\u76ee\u7684\u3011",
      "heading_level": null,
      "page_id": 0,
      "polygon": [
        [
          0.7919999361038208,
          139.6142578125
        ],
        [
          102.45599365234375,
          139.6142578125
        ],
        [
          102.45599365234375,
          156.7529296875
        ],
        [
          0.7919999361038208,
          156.7529296875
        ]
      ]
    },
    {
      "title": "\u3010\u671f\u5f85\u3055\u308c\u308b\u7814\u7a76\u6210\u679c\u3011",
      "heading_level": null,
      "page_id": 0,
      "polygon": [
        [
          0.7919999361038208,
          470.390625
        ],
        [
          160.54000854492188,
          470.390625
        ],
        [
          160.54000854492188,
          486.73828125
        ],
        [
          0.7919999361038208,
          486.73828125
        ]
      ]
    }
  ],
  "page_stats": [
    {
      "page_id": 0,
      "text_extraction_method": "pdftext",
      "block_counts": [
        [
          "Span",
          90
        ],
        [
          "Line",
          27
        ],
        [
          "ListItem",
          8
        ],
        [
          "SectionHeader",
          2
        ],
        [
          "ListGroup",
          2
        ],
        [
          "Text",
          1
        ],
        [
          "Picture",
          1
        ],
        [
          "Figure",
          1
        ]
      ],
      "block_metadata": {
        "llm_request_count": 0,
        "llm_error_count": 0,
        "llm_tokens_used": 0
      }
    }
  ],
  "debug_data_path": "debug_data/20231220_AFF_r"
}