{
  "table_of_contents": [
    {
      "title": "\u3010\u80cc\u666f\u30fb\u76ee\u7684\u3011",
      "heading_level": null,
      "page_id": 0,
      "polygon": [
        [
          8.25,
          132.7587890625
        ],
        [
          96.26220703125,
          132.7587890625
        ],
        [
          96.26220703125,
          148.5791015625
        ],
        [
          8.25,
          148.5791015625
        ]
      ]
    },
    {
      "title": "\u3010\u7814\u7a76\u65b9\u6cd5(\u624b\u6cd5\u30fb\u65b9\u6cd5)\u3011",
      "heading_level": null,
      "page_id": 0,
      "polygon": [
        [
          9.0,
          209.8828125
        ],
        [
          186.0498046875,
          209.8828125
        ],
        [
          186.0498046875,
          225.703125
        ],
        [
          9.0,
          225.703125
        ]
      ]
    },
    {
      "title": "\u3010\u671f\u5f85\u3055\u308c\u308b\u7814\u7a76\u6210\u679c\u3011",
      "heading_level": null,
      "page_id": 0,
      "polygon": [
        [
          9.0,
          372.83203125
        ],
        [
          155.25,
          372.83203125
        ],
        [
          155.25,
          390.234375
        ],
        [
          9.0,
          390.234375
        ]
      ]
    }
  ],
  "page_stats": [
    {
      "page_id": 0,
      "text_extraction_method": "surya",
      "block_counts": [
        [
          "Line",
          47
        ],
        [
          "Span",
          47
        ],
        [
          "Text",
          3
        ],
        [
          "SectionHeader",
          3
        ],
        [
          "Picture",
          2
        ],
        [
          "ListItem",
          2
        ],
        [
          "ListGroup",
          1
        ]
      ],
      "block_metadata": {
        "llm_request_count": 0,
        "llm_error_count": 0,
        "llm_tokens_used": 0
      }
    }
  ],
  "debug_data_path": "debug_data/240401_AFF_05r"
}