{
  "table_of_contents": [
    {
      "title": "\u3010\u80cc\u666f\u30fb\u76ee\u7684\u3011",
      "heading_level": null,
      "page_id": 0,
      "polygon": [
        [
          14.3060302734375,
          122.93701171875
        ],
        [
          104.9267578125,
          121.88232421875
        ],
        [
          104.9267578125,
          137.900390625
        ],
        [
          14.3060302734375,
          138.955078125
        ]
      ]
    }
  ],
  "page_stats": [
    {
      "page_id": 0,
      "text_extraction_method": "surya",
      "block_counts": [
        [
          "Line",
          25
        ],
        [
          "Span",
          25
        ],
        [
          "Text",
          7
        ],
        [
          "ListItem",
          5
        ],
        [
          "Figure",
          3
        ],
        [
          "ListGroup",
          2
        ],
        [
          "SectionHeader",
          1
        ],
        [
          "Picture",
          1
        ]
      ],
      "block_metadata": {
        "llm_request_count": 0,
        "llm_error_count": 0,
        "llm_tokens_used": 0
      }
    }
  ],
  "debug_data_path": "debug_data/240401_robot_02"
}