{
  "table_of_contents": [
    {
      "title": "\u3010\u6982\u8981\u3011",
      "heading_level": null,
      "page_id": 0,
      "polygon": [
        [
          18.27320098876953,
          51.119384765625
        ],
        [
          114.27320098876953,
          51.119384765625
        ],
        [
          114.27320098876953,
          82.31021118164062
        ],
        [
          18.27320098876953,
          82.31021118164062
        ]
      ]
    },
    {
      "title": "\u3010\u8abf\u67fb\u9805\u76ee\u3011",
      "heading_level": null,
      "page_id": 0,
      "polygon": [
        [
          21.01420021057129,
          197.0947265625
        ],
        [
          165.0142059326172,
          197.0947265625
        ],
        [
          165.0142059326172,
          227.79458618164062
        ],
        [
          21.01420021057129,
          227.79458618164062
        ]
      ]
    },
    {
      "title": "\u7523\u696d\u5229\u7528\u306b\u95a2\u3059\u308b\u30cb\u30fc\u30ba\u7b49\u3092\u628a\u63e1\u3059\u308b\u8abf\u67fb",
      "heading_level": null,
      "page_id": 0,
      "polygon": [
        [
          41.60888671875,
          239.4140625
        ],
        [
          428.84765625,
          239.4140625
        ],
        [
          428.84765625,
          265.1814270019531
        ],
        [
          41.60888671875,
          265.1814270019531
        ]
      ]
    }
  ],
  "page_stats": [
    {
      "page_id": 0,
      "text_extraction_method": "pdftext",
      "block_counts": [
        [
          "Span",
          53
        ],
        [
          "Line",
          13
        ],
        [
          "Text",
          8
        ],
        [
          "SectionHeader",
          3
        ]
      ],
      "block_metadata": {
        "llm_request_count": 0,
        "llm_error_count": 0,
        "llm_tokens_used": 0
      }
    }
  ],
  "debug_data_path": "debug_data/20231220_XCT"
}