{
  "table_of_contents": [
    {
      "title": "\u4ee4\u548c5\u5e74\u5ea6 \u7b2c1\u56de \u6d6a\u6c5f\u753a\u74b0\u5883\u5be9\u8b70\u4f1a \u8b70\u4e8b\u9332",
      "heading_level": null,
      "page_id": 0,
      "polygon": [
        [
          153.947265625,
          95.5369873046875
        ],
        [
          443.216796875,
          95.5369873046875
        ],
        [
          443.216796875,
          110.80029296875
        ],
        [
          153.947265625,
          110.80029296875
        ]
      ]
    },
    {
      "title": "\u25c7\u6b21\u7b2c",
      "heading_level": null,
      "page_id": 0,
      "polygon": [
        [
          69.84375,
          285.7373046875
        ],
        [
          105.2021484375,
          285.7373046875
        ],
        [
          105.2021484375,
          297.73480224609375
        ],
        [
          69.84375,
          297.73480224609375
        ]
      ]
    },
    {
      "title": "\u25c7\u8b70\u4e8b\u9332",
      "heading_level": null,
      "page_id": 0,
      "polygon": [
        [
          70.8623046875,
          448.5458984375
        ],
        [
          117.1337890625,
          448.5458984375
        ],
        [
          117.1337890625,
          460.0576171875
        ],
        [
          70.8623046875,
          460.0576171875
        ]
      ]
    }
  ],
  "page_stats": [
    {
      "page_id": 0,
      "text_extraction_method": "pdftext",
      "block_counts": [
        [
          "Span",
          105
        ],
        [
          "Line",
          32
        ],
        [
          "Text",
          16
        ],
        [
          "ListItem",
          9
        ],
        [
          "SectionHeader",
          3
        ],
        [
          "PageFooter",
          1
        ],
        [
          "ListGroup",
          1
        ]
      ],
      "block_metadata": {
        "llm_request_count": 0,
        "llm_error_count": 0,
        "llm_tokens_used": 0
      }
    },
    {
      "page_id": 1,
      "text_extraction_method": "pdftext",
      "block_counts": [
        [
          "Span",
          97
        ],
        [
          "Line",
          37
        ],
        [
          "Text",
          15
        ],
        [
          "TextInlineMath",
          1
        ],
        [
          "PageFooter",
          1
        ]
      ],
      "block_metadata": {
        "llm_request_count": 0,
        "llm_error_count": 0,
        "llm_tokens_used": 0
      }
    },
    {
      "page_id": 2,
      "text_extraction_method": "pdftext",
      "block_counts": [
        [
          "Span",
          51
        ],
        [
          "Line",
          26
        ],
        [
          "Text",
          13
        ],
        [
          "PageFooter",
          1
        ]
      ],
      "block_metadata": {
        "llm_request_count": 0,
        "llm_error_count": 0,
        "llm_tokens_used": 0
      }
    }
  ],
  "debug_data_path": "debug_data/19736"
}