{
  "table_of_contents": [
    {
      "title": "1.\u8a08\u753b\u7b56\u5b9a\u306b\u5411\u3051\u3066\u306e\u30ed\u30fc\u30c9\u30de\u30c3\u30d7",
      "heading_level": null,
      "page_id": 0,
      "polygon": [
        [
          54.0,
          112.7919921875
        ],
        [
          259.5859375,
          112.7919921875
        ],
        [
          259.5859375,
          125.087158203125
        ],
        [
          54.0,
          125.087158203125
        ]
      ]
    },
    {
      "title": "<\u7b2c3\u56de\u691c\u8a0e\u59d4\u54e1\u4f1a \u8b70\u4e8b\u5185\u5bb9>",
      "heading_level": null,
      "page_id": 0,
      "polygon": [
        [
          75.02399444580078,
          624.099609375
        ],
        [
          232.73001098632812,
          624.099609375
        ],
        [
          232.73001098632812,
          635.611328125
        ],
        [
          75.02399444580078,
          635.611328125
        ]
      ]
    }
  ],
  "page_stats": [
    {
      "page_id": 0,
      "text_extraction_method": "pdftext",
      "block_counts": [
        [
          "Span",
          117
        ],
        [
          "Line",
          40
        ],
        [
          "PageHeader",
          3
        ],
        [
          "ListItem",
          3
        ],
        [
          "SectionHeader",
          2
        ],
        [
          "Figure",
          1
        ],
        [
          "ListGroup",
          1
        ]
      ],
      "block_metadata": {
        "llm_request_count": 0,
        "llm_error_count": 0,
        "llm_tokens_used": 0
      }
    }
  ],
  "debug_data_path": "debug_data/28949_109098_misc"
}