{
  "table_of_contents": [
    {
      "title": "\u3010\u691c\u8a0e\u306e\u8996\u70b9\u3011",
      "heading_level": null,
      "page_id": 0,
      "polygon": [
        [
          54.0,
          76.470703125
        ],
        [
          136.82000732421875,
          76.470703125
        ],
        [
          136.82000732421875,
          89.01025390625
        ],
        [
          54.0,
          89.01025390625
        ]
      ]
    },
    {
      "title": "\u3010\u5177\u4f53\u65bd\u7b56\u3011",
      "heading_level": null,
      "page_id": 0,
      "polygon": [
        [
          54.0,
          256.546875
        ],
        [
          125.77999114990234,
          256.546875
        ],
        [
          125.77999114990234,
          270.1142578125
        ],
        [
          54.0,
          270.1142578125
        ]
      ]
    },
    {
      "title": "\u3010\u5177\u4f53\u65bd\u7b56\u306e\u5168\u4f53\u30a4\u30e1\u30fc\u30b8\u3011",
      "heading_level": null,
      "page_id": 0,
      "polygon": [
        [
          54.0,
          543.9287109375
        ],
        [
          203.0900115966797,
          543.9287109375
        ],
        [
          203.0900115966797,
          557.0849609375
        ],
        [
          54.0,
          557.0849609375
        ]
      ]
    }
  ],
  "page_stats": [
    {
      "page_id": 0,
      "text_extraction_method": "pdftext",
      "block_counts": [
        [
          "Span",
          38
        ],
        [
          "Line",
          15
        ],
        [
          "ListItem",
          5
        ],
        [
          "SectionHeader",
          3
        ],
        [
          "Text",
          3
        ],
        [
          "PageHeader",
          2
        ],
        [
          "Figure",
          2
        ],
        [
          "ListGroup",
          1
        ]
      ],
      "block_metadata": {
        "llm_request_count": 0,
        "llm_error_count": 0,
        "llm_tokens_used": 0
      }
    }
  ],
  "debug_data_path": "debug_data/28949_109093_misc"
}