{
  "table_of_contents": [
    {
      "title": "\u3010\u80cc\u666f\u30fb\u76ee\u7684\u3011",
      "heading_level": null,
      "page_id": 0,
      "polygon": [
        [
          18.75,
          141.4599609375
        ],
        [
          110.25,
          141.4599609375
        ],
        [
          110.25,
          160.1806640625
        ],
        [
          18.75,
          160.1806640625
        ]
      ]
    },
    {
      "title": "\u3010\u7814\u7a76\u65b9\u6cd5(\u624b\u6cd5\u30fb\u65b9\u6cd5)\u3011",
      "heading_level": null,
      "page_id": 0,
      "polygon": [
        [
          19.5,
          231.8994140625
        ],
        [
          207.0,
          231.8994140625
        ],
        [
          207.0,
          250.3564453125
        ],
        [
          19.5,
          250.3564453125
        ]
      ]
    },
    {
      "title": "\u3010\u671f\u5f85\u3055\u308c\u308b\u7814\u7a76\u6210\u679c\u3011",
      "heading_level": null,
      "page_id": 0,
      "polygon": [
        [
          19.5,
          413.701171875
        ],
        [
          172.5,
          413.701171875
        ],
        [
          172.5,
          432.158203125
        ],
        [
          19.5,
          432.158203125
        ]
      ]
    }
  ],
  "page_stats": [
    {
      "page_id": 0,
      "text_extraction_method": "surya",
      "block_counts": [
        [
          "Line",
          25
        ],
        [
          "Span",
          25
        ],
        [
          "Text",
          4
        ],
        [
          "SectionHeader",
          3
        ],
        [
          "Picture",
          3
        ],
        [
          "ListItem",
          2
        ],
        [
          "Table",
          1
        ],
        [
          "ListGroup",
          1
        ]
      ],
      "block_metadata": {
        "llm_request_count": 0,
        "llm_error_count": 0,
        "llm_tokens_used": 0
      }
    }
  ],
  "debug_data_path": "debug_data/20240322_AFF_03"
}