{
  "table_of_contents": [
    {
      "title": "\u30d7\u30e9\u30ba\u30de\u8fb2\u696d\u6280\u8853\u306e\u958b\u767a\u3068\u798f\u5cf6\u770c\u6d5c\u901a\u308a\u3067\u306e\u5b9f\u88c5 \u4e8b\u696d\u6982\u8981",
      "heading_level": null,
      "page_id": 0,
      "polygon": [
        [
          177.75,
          3.08990478515625
        ],
        [
          613.5,
          3.08990478515625
        ],
        [
          613.5,
          24.093017578125
        ],
        [
          177.75,
          24.093017578125
        ]
      ]
    },
    {
      "title": "\u3010\u80cc\u666f\u30fb\u76ee\u7684\u3011",
      "heading_level": null,
      "page_id": 0,
      "polygon": [
        [
          7.33154296875,
          138.0322265625
        ],
        [
          96.75,
          138.0322265625
        ],
        [
          96.75,
          154.3798828125
        ],
        [
          7.33154296875,
          154.3798828125
        ]
      ]
    },
    {
      "title": "\u3010\u7814\u7a76\u65b9\u6cd5(\u624b\u6cd5\u30fb\u65b9\u6cd5)\u3011",
      "heading_level": null,
      "page_id": 0,
      "polygon": [
        [
          9.75,
          212.9150390625
        ],
        [
          185.00244140625,
          212.9150390625
        ],
        [
          185.00244140625,
          229.2626953125
        ],
        [
          9.75,
          229.2626953125
        ]
      ]
    },
    {
      "title": "\u3010\u671f\u5f85\u3055\u308c\u308b\u7814\u7a76\u6210\u679c\u3011",
      "heading_level": null,
      "page_id": 0,
      "polygon": [
        [
          7.998046875,
          426.357421875
        ],
        [
          154.5,
          426.357421875
        ],
        [
          154.5,
          444.287109375
        ],
        [
          7.998046875,
          444.287109375
        ]
      ]
    }
  ],
  "page_stats": [
    {
      "page_id": 0,
      "text_extraction_method": "surya",
      "block_counts": [
        [
          "Line",
          40
        ],
        [
          "Span",
          40
        ],
        [
          "Text",
          6
        ],
        [
          "ListItem",
          6
        ],
        [
          "SectionHeader",
          4
        ],
        [
          "ListGroup",
          2
        ],
        [
          "Figure",
          1
        ]
      ],
      "block_metadata": {
        "llm_request_count": 0,
        "llm_error_count": 0,
        "llm_tokens_used": 0
      }
    }
  ],
  "debug_data_path": "debug_data/20240322_AFF_05"
}