{
  "table_of_contents": [
    {
      "title": "\u719f\u6210\u6291\u3048\u308b\u6280\u8853\u958b\u767a\n\u30a8\u30c1\u30ec\n2CO2+2H2O\nC2H4+302\n\u9000\u5927\u306f\u6c11\u9593\n\u3089\u5206\u89e3\n\u65b9\u53c8\u3092\u6c34\n\u30b5\u30a4\u30c8",
      "heading_level": null,
      "page_id": 0,
      "polygon": [
        [
          22.92138671875,
          260.34501642935373
        ],
        [
          497.45796737766625,
          260.34501642935373
        ],
        [
          497.45796737766625,
          527.4424972617743
        ],
        [
          22.92138671875,
          527.4424972617743
        ]
      ]
    }
  ],
  "page_stats": [
    {
      "page_id": 0,
      "text_extraction_method": "surya",
      "block_counts": [
        [
          "Line",
          52
        ],
        [
          "Span",
          52
        ],
        [
          "Text",
          5
        ],
        [
          "Picture",
          1
        ],
        [
          "SectionHeader",
          1
        ]
      ],
      "block_metadata": {
        "llm_request_count": 0,
        "llm_error_count": 0,
        "llm_tokens_used": 0
      }
    }
  ],
  "debug_data_path": "debug_data/Children_Science_f-rei_20241030"
}