{
  "table_of_contents": [
    {
      "title": "\u3010\u80cc\u666f\u30fb\u76ee\u7684\u3011",
      "heading_level": null,
      "page_id": 0,
      "polygon": [
        [
          9.75,
          142.646484375
        ],
        [
          99.0,
          142.646484375
        ],
        [
          99.0,
          158.994140625
        ],
        [
          9.75,
          158.994140625
        ]
      ]
    },
    {
      "title": "\u3010\u7814\u7a76\u65b9\u6cd5(\u624b\u6cd5\u30fb\u65b9\u6cd5)\u3011",
      "heading_level": null,
      "page_id": 0,
      "polygon": [
        [
          9.75,
          232.294921875
        ],
        [
          183.75,
          232.294921875
        ],
        [
          183.75,
          249.169921875
        ],
        [
          9.75,
          249.169921875
        ]
      ]
    },
    {
      "title": "\u3010\u671f\u5f85\u3055\u308c\u308b\u7814\u7a76\u6210\u679c\u3011",
      "heading_level": null,
      "page_id": 0,
      "polygon": [
        [
          9.23583984375,
          444.55078125
        ],
        [
          156.3427734375,
          444.55078125
        ],
        [
          156.3427734375,
          462.48046875
        ],
        [
          9.23583984375,
          462.48046875
        ]
      ]
    }
  ],
  "page_stats": [
    {
      "page_id": 0,
      "text_extraction_method": "surya",
      "block_counts": [
        [
          "Line",
          33
        ],
        [
          "Span",
          33
        ],
        [
          "Text",
          4
        ],
        [
          "SectionHeader",
          3
        ],
        [
          "ListItem",
          2
        ],
        [
          "Table",
          1
        ],
        [
          "Figure",
          1
        ],
        [
          "ListGroup",
          1
        ]
      ],
      "block_metadata": {
        "llm_request_count": 0,
        "llm_error_count": 0,
        "llm_tokens_used": 0
      }
    }
  ],
  "debug_data_path": "debug_data/240401_AFF_03"
}