{
  "table_of_contents": [
    {
      "title": "\u30d1\u30d6\u30ea\u30c3\u30af\u30b3\u30e1\u30f3\u30c8\u3067\u306e\u610f\u898b\u53ca\u3073\u56de\u7b54\u6848",
      "heading_level": null,
      "page_id": 0,
      "polygon": [
        [
          84.17626953125,
          58.380859375
        ],
        [
          307.1300048828125,
          58.380859375
        ],
        [
          307.1300048828125,
          71.9482421875
        ],
        [
          84.17626953125,
          71.9482421875
        ]
      ]
    }
  ],
  "page_stats": [
    {
      "page_id": 0,
      "text_extraction_method": "pdftext",
      "block_counts": [
        [
          "Span",
          125
        ],
        [
          "Line",
          53
        ],
        [
          "TableCell",
          9
        ],
        [
          "SectionHeader",
          1
        ],
        [
          "Text",
          1
        ],
        [
          "Table",
          1
        ],
        [
          "PageHeader",
          1
        ]
      ],
      "block_metadata": {
        "llm_request_count": 0,
        "llm_error_count": 0,
        "llm_tokens_used": 0
      }
    }
  ],
  "debug_data_path": "debug_data/28949_109101_misc"
}