{
  "table_of_contents": [
    {
      "title": "\u3010\u80cc\u666f\u30fb\u76ee\u7684\u3011",
      "heading_level": null,
      "page_id": 0,
      "polygon": [
        [
          9.4976806640625,
          145.4150390625
        ],
        [
          99.78515625,
          145.4150390625
        ],
        [
          99.78515625,
          160.7080078125
        ],
        [
          9.4976806640625,
          160.7080078125
        ]
      ]
    },
    {
      "title": "\u3010\u671f\u5f85\u3055\u308c\u308b\u7814\u7a76\u6210\u679c\u3011",
      "heading_level": null,
      "page_id": 0,
      "polygon": [
        [
          14.25,
          457.998046875
        ],
        [
          157.1044921875,
          457.998046875
        ],
        [
          157.1044921875,
          474.873046875
        ],
        [
          14.25,
          474.873046875
        ]
      ]
    }
  ],
  "page_stats": [
    {
      "page_id": 0,
      "text_extraction_method": "surya",
      "block_counts": [
        [
          "Line",
          44
        ],
        [
          "Span",
          44
        ],
        [
          "Text",
          6
        ],
        [
          "SectionHeader",
          2
        ],
        [
          "ListItem",
          2
        ],
        [
          "Picture",
          1
        ],
        [
          "Table",
          1
        ],
        [
          "Figure",
          1
        ]
      ],
      "block_metadata": {
        "llm_request_count": 0,
        "llm_error_count": 0,
        "llm_tokens_used": 0
      }
    }
  ],
  "debug_data_path": "debug_data/240401_energy_05_1"
}