{
  "table_of_contents": [
    {
      "title": "\u6d6a\u6c5f\u753a\u518d\u751f\u53ef\u80fd\u30a8\u30cd\u30eb\u30ae\u30fc\u63a8\u9032\u8a08\u753b\u691c\u8a0e\u59d4\u54e1\u4f1a \u6b21\u7b2c",
      "heading_level": null,
      "page_id": 0,
      "polygon": [
        [
          127.9013671875,
          109.464111328125
        ],
        [
          465.82000732421875,
          109.464111328125
        ],
        [
          465.82000732421875,
          124.4796142578125
        ],
        [
          127.9013671875,
          124.4796142578125
        ]
      ]
    }
  ],
  "page_stats": [
    {
      "page_id": 0,
      "text_extraction_method": "pdftext",
      "block_counts": [
        [
          "Span",
          60
        ],
        [
          "Line",
          23
        ],
        [
          "ListItem",
          16
        ],
        [
          "TableCell",
          8
        ],
        [
          "ListGroup",
          4
        ],
        [
          "SectionHeader",
          1
        ],
        [
          "TableOfContents",
          1
        ],
        [
          "Text",
          1
        ]
      ],
      "block_metadata": {
        "llm_request_count": 0,
        "llm_error_count": 0,
        "llm_tokens_used": 0
      }
    }
  ],
  "debug_data_path": "debug_data/28949_109079_misc"
}