{
  "table_of_contents": [
    {
      "title": "\u7c92\u306b\u4ed8\u304d\u3084\u3059\nDT",
      "heading_level": null,
      "page_id": 0,
      "polygon": [
        [
          60.19482421875,
          259.59391965255156
        ],
        [
          507.10546875,
          259.59391965255156
        ],
        [
          507.10546875,
          316.314697265625
        ],
        [
          60.19482421875,
          316.314697265625
        ]
      ]
    },
    {
      "title": "\u89aa\u5b50\u3067\u30ef\u30af\u30ef\u30af\u79d1\u5b66\u5b9f\u9a13\n\u6765\u670810\u65e5\u3001\u798f\u5cf6\u9ad8\u5c02\u3067",
      "heading_level": null,
      "page_id": 0,
      "polygon": [
        [
          19.2000732421875,
          346.62540716612375
        ],
        [
          142.5,
          346.62540716612375
        ],
        [
          142.5,
          377.2158203125
        ],
        [
          19.2000732421875,
          377.2158203125
        ]
      ]
    }
  ],
  "page_stats": [
    {
      "page_id": 0,
      "text_extraction_method": "surya",
      "block_counts": [
        [
          "Line",
          34
        ],
        [
          "Span",
          34
        ],
        [
          "Text",
          6
        ],
        [
          "Picture",
          2
        ],
        [
          "SectionHeader",
          2
        ]
      ],
      "block_metadata": {
        "llm_request_count": 0,
        "llm_error_count": 0,
        "llm_tokens_used": 0
      }
    }
  ],
  "debug_data_path": "debug_data/Children_Science_f-rei_20240715"
}